# JET 1975 Design Proposal (EUR 5516e), Fig. IV.2-1 'Toroidal Field Coil', PDF p.325 (+ Table IV.2-2 p.327, Table I.3-1 p.83)
# TF coil BORE (inner, plasma side) contour, full closed (symmetrised about Z=0), CCW from outer midplane.
# Method: the drawing gives only 3857 (overall width), 5680 (overall height, measured over the support pads), 2872 (straight inner leg),
# 373.5/371 (leg radial thickness). The contour was DIGITIZED from a 300-dpi render by ray-casting (720 rays), upper and mirrored
# lower halves pooled, outliers (labels B/D, joint covers, support pads) rejected iteratively, then least-squares fitted by a
# tangent-continuous chain: straight inner leg + 3 arcs (outer arc centre on Z=0). Scale 254.3 px/m from the 3857 dimension;
# R anchored so the bore inner leg is at Rci = 1.49 m (Table I.3-1).
# Fit: Rin=1.4900, straight half-length Z1=1.5210, r1=0.8815 (c1=(2.3715,1.5210)), r2=1.7486 (c2=(2.5449,0.6714)), r3=2.6295 (c3=(1.9747,0)); RMS residual 0.0077 m.
# confidence: digitized (estimated error +-10..20 mm). Units: metres.
R_m,Z_m
4.60420,0.00000
4.60380,0.04558
4.60262,0.09114
4.60064,0.13668
4.59788,0.18218
4.59433,0.22762
4.58999,0.27300
4.58486,0.31829
4.57895,0.36348
4.57226,0.40857
4.56479,0.45354
4.55654,0.49836
4.54751,0.54304
4.53771,0.58756
4.52714,0.63189
4.51581,0.67604
4.50371,0.71999
4.49085,0.76372
4.47723,0.80722
4.46286,0.85047
4.44775,0.89348
4.43189,0.93621
4.41529,0.97866
4.39796,1.02082
4.37990,1.06267
4.36112,1.10420
4.34162,1.14540
4.32141,1.18626
4.30050,1.22676
4.27888,1.26689
4.25658,1.30664
4.23358,1.34599
4.20991,1.38495
4.18557,1.42348
4.16057,1.46159
4.13490,1.49926
4.10859,1.53648
4.08164,1.57324
4.05405,1.60952
4.02584,1.64532
3.99701,1.68063
3.96757,1.71543
3.93754,1.74972
3.90692,1.78348
3.87571,1.81670
3.84394,1.84938
3.81160,1.88151
3.77871,1.91306
3.74528,1.94405
3.71131,1.97445
3.67683,2.00425
3.65345,2.02376
3.62974,2.04285
3.60570,2.06153
3.58133,2.07979
3.55666,2.09762
3.53167,2.11502
3.50639,2.13198
3.48082,2.14850
3.45496,2.16457
3.42883,2.18018
3.40242,2.19534
3.37576,2.21004
3.34885,2.22428
3.32169,2.23804
3.29430,2.25132
3.26668,2.26413
3.23884,2.27646
3.21079,2.28829
3.18254,2.29964
3.15410,2.31050
3.12547,2.32085
3.09666,2.33071
3.06769,2.34007
3.03856,2.34892
3.00928,2.35726
2.97986,2.36509
2.95031,2.37240
2.92063,2.37920
2.89084,2.38548
2.86095,2.39125
2.83096,2.39649
2.80088,2.40121
2.77073,2.40540
2.74050,2.40907
2.71022,2.41221
2.67989,2.41483
2.64952,2.41691
2.61911,2.41847
2.58868,2.41950
2.55824,2.42000
2.52780,2.41996
2.49736,2.41940
2.46693,2.41831
2.43653,2.41669
2.40616,2.41453
2.37584,2.41185
2.34556,2.40865
2.31534,2.40491
2.28520,2.40065
2.25513,2.39587
2.22515,2.39057
2.19527,2.38474
2.18033,2.38155
2.16544,2.37811
2.15061,2.37441
2.13585,2.37045
2.12116,2.36624
2.10655,2.36177
2.09201,2.35705
2.07756,2.35208
2.06320,2.34686
2.04893,2.34139
2.03476,2.33568
2.02069,2.32972
2.00672,2.32351
1.99287,2.31707
1.97912,2.31039
1.96550,2.30346
1.95200,2.29631
1.93862,2.28892
1.92537,2.28130
1.91226,2.27345
1.89929,2.26538
1.88646,2.25708
1.87377,2.24856
1.86123,2.23982
1.84885,2.23087
1.83662,2.22170
1.82456,2.21233
1.81266,2.20274
1.80092,2.19295
1.78936,2.18296
1.77797,2.17277
1.76676,2.16238
1.75574,2.15180
1.74490,2.14103
1.73424,2.13008
1.72378,2.11894
1.71351,2.10762
1.70344,2.09612
1.69357,2.08446
1.68391,2.07262
1.67445,2.06062
1.66520,2.04845
1.65616,2.03613
1.64734,2.02365
1.63874,2.01102
1.63035,1.99825
1.62219,1.98533
1.61426,1.97227
1.60655,1.95907
1.59907,1.94575
1.59182,1.93229
1.58481,1.91872
1.57804,1.90502
1.57150,1.89121
1.56520,1.87728
1.55915,1.86325
1.55334,1.84912
1.54777,1.83489
1.54245,1.82056
1.53739,1.80614
1.53257,1.79164
1.52800,1.77706
1.52369,1.76240
1.51964,1.74766
1.51583,1.73286
1.51229,1.71800
1.50901,1.70307
1.50598,1.68809
1.50321,1.67307
1.50071,1.65799
1.49846,1.64288
1.49648,1.62772
1.49476,1.61254
1.49331,1.59733
1.49212,1.58209
1.49119,1.56684
1.49053,1.55157
1.49013,1.53630
1.49000,1.52101
1.49000,1.38274
1.49000,1.24447
1.49000,1.10619
1.49000,0.96792
1.49000,0.82964
1.49000,0.69137
1.49000,0.55310
1.49000,0.41482
1.49000,0.27655
1.49000,0.13827
1.49000,0.00000
1.49000,-0.13827
1.49000,-0.27655
1.49000,-0.41482
1.49000,-0.55310
1.49000,-0.69137
1.49000,-0.82964
1.49000,-0.96792
1.49000,-1.10619
1.49000,-1.24447
1.49000,-1.38274
1.49000,-1.52101
1.49013,-1.53630
1.49053,-1.55157
1.49119,-1.56684
1.49212,-1.58209
1.49331,-1.59733
1.49476,-1.61254
1.49648,-1.62772
1.49846,-1.64288
1.50071,-1.65799
1.50321,-1.67307
1.50598,-1.68809
1.50901,-1.70307
1.51229,-1.71800
1.51583,-1.73286
1.51964,-1.74766
1.52369,-1.76240
1.52800,-1.77706
1.53257,-1.79164
1.53739,-1.80614
1.54245,-1.82056
1.54777,-1.83489
1.55334,-1.84912
1.55915,-1.86325
1.56520,-1.87728
1.57150,-1.89121
1.57804,-1.90502
1.58481,-1.91872
1.59182,-1.93229
1.59907,-1.94575
1.60655,-1.95907
1.61426,-1.97227
1.62219,-1.98533
1.63035,-1.99825
1.63874,-2.01102
1.64734,-2.02365
1.65616,-2.03613
1.66520,-2.04845
1.67445,-2.06062
1.68391,-2.07262
1.69357,-2.08446
1.70344,-2.09612
1.71351,-2.10762
1.72378,-2.11894
1.73424,-2.13008
1.74490,-2.14103
1.75574,-2.15180
1.76676,-2.16238
1.77797,-2.17277
1.78936,-2.18296
1.80092,-2.19295
1.81266,-2.20274
1.82456,-2.21233
1.83662,-2.22170
1.84885,-2.23087
1.86123,-2.23982
1.87377,-2.24856
1.88646,-2.25708
1.89929,-2.26538
1.91226,-2.27345
1.92537,-2.28130
1.93862,-2.28892
1.95200,-2.29631
1.96550,-2.30346
1.97912,-2.31039
1.99287,-2.31707
2.00672,-2.32351
2.02069,-2.32972
2.03476,-2.33568
2.04893,-2.34139
2.06320,-2.34686
2.07756,-2.35208
2.09201,-2.35705
2.10655,-2.36177
2.12116,-2.36624
2.13585,-2.37045
2.15061,-2.37441
2.16544,-2.37811
2.18033,-2.38155
2.19527,-2.38474
2.22515,-2.39057
2.25513,-2.39587
2.28520,-2.40065
2.31534,-2.40491
2.34556,-2.40865
2.37584,-2.41185
2.40616,-2.41453
2.43653,-2.41669
2.46693,-2.41831
2.49736,-2.41940
2.52780,-2.41996
2.55824,-2.42000
2.58868,-2.41950
2.61911,-2.41847
2.64952,-2.41691
2.67989,-2.41483
2.71022,-2.41221
2.74050,-2.40907
2.77073,-2.40540
2.80088,-2.40121
2.83096,-2.39649
2.86095,-2.39125
2.89084,-2.38548
2.92063,-2.37920
2.95031,-2.37240
2.97986,-2.36509
3.00928,-2.35726
3.03856,-2.34892
3.06769,-2.34007
3.09666,-2.33071
3.12547,-2.32085
3.15410,-2.31050
3.18254,-2.29964
3.21079,-2.28829
3.23884,-2.27646
3.26668,-2.26413
3.29430,-2.25132
3.32169,-2.23804
3.34885,-2.22428
3.37576,-2.21004
3.40242,-2.19534
3.42883,-2.18018
3.45496,-2.16457
3.48082,-2.14850
3.50639,-2.13198
3.53167,-2.11502
3.55666,-2.09762
3.58133,-2.07979
3.60570,-2.06153
3.62974,-2.04285
3.65345,-2.02376
3.67683,-2.00425
3.71131,-1.97445
3.74528,-1.94405
3.77871,-1.91306
3.81160,-1.88151
3.84394,-1.84938
3.87571,-1.81670
3.90692,-1.78348
3.93754,-1.74972
3.96757,-1.71543
3.99701,-1.68063
4.02584,-1.64532
4.05405,-1.60952
4.08164,-1.57324
4.10859,-1.53648
4.13490,-1.49926
4.16057,-1.46159
4.18557,-1.42348
4.20991,-1.38495
4.23358,-1.34599
4.25658,-1.30664
4.27888,-1.26689
4.30050,-1.22676
4.32141,-1.18626
4.34162,-1.14540
4.36112,-1.10420
4.37990,-1.06267
4.39796,-1.02082
4.41529,-0.97866
4.43189,-0.93621
4.44775,-0.89348
4.46286,-0.85047
4.47723,-0.80722
4.49085,-0.76372
4.50371,-0.71999
4.51581,-0.67604
4.52714,-0.63189
4.53771,-0.58756
4.54751,-0.54304
4.55654,-0.49836
4.56479,-0.45354
4.57226,-0.40857
4.57895,-0.36348
4.58486,-0.31829
4.58999,-0.27300
4.59433,-0.22762
4.59788,-0.18218
4.60064,-0.13668
4.60262,-0.09114
4.60380,-0.04558
4.60420,0.00000
