# JET 1975 Design Proposal (EUR 5516e, 1976), Fig. IV.1-3 'Design Parameters for the Rigid Sectors', PDF p.298
# Rigid-sector D profile, EXTERIOR (outer) wrapper surface, full closed poloidal contour (upper half constructed, mirrored about Z=0), CCW from outer midplane.
# Method: exact arc-chain reconstruction from the printed dimensions (mm): 2509, 2315=965+1350, 755, 845, 120, 2965, 180,
# R785/R965 (centre C1=(2.509,1.350)), R1380/R1560 (C2=(2.509,0.755)), R2200 (C3i=(2.189,0)), R2428 (C3o=(2.081,0)), R16002 (C16=(17.666,0)).
# Arc centres on Z=0 are derived (not printed): they are the unique positions that make every arc junction tangent and hit the printed
# midplane radii; tangency closure residuals < 0.2 mm. See README.md section 'Vacuum vessel'.
# confidence: drawing (dimensions) + derived centres. Units: metres. Not a reproduction of the drawing - coordinates computed by us.
# Chain: straight R=1.544 (|Z|<=1.350) -> R965 -> R1560 -> R2428 -> outer midplane R=4.509; top Z=2.315
R_m,Z_m
4.50900,0.00000
4.50864,0.04199
4.50755,0.08397
4.50573,0.12593
4.50319,0.16785
4.49993,0.20972
4.49594,0.25152
4.49123,0.29325
4.48579,0.33489
4.47964,0.37644
4.47277,0.41787
4.46519,0.45917
4.45689,0.50034
4.44788,0.54135
4.43816,0.58221
4.42774,0.62289
4.41662,0.66339
4.40479,0.70368
4.39227,0.74377
4.37907,0.78363
4.36517,0.82326
4.35059,0.86264
4.33533,0.90177
4.31939,0.94062
4.30279,0.97920
4.28552,1.01748
4.26760,1.05545
4.24901,1.09311
4.22978,1.13045
4.20991,1.16744
4.18940,1.20409
4.16826,1.24038
4.14649,1.27629
4.12411,1.31182
4.10112,1.34696
4.07752,1.38170
4.05332,1.41603
4.02854,1.44993
4.00317,1.48339
3.97722,1.51642
3.95071,1.54898
3.92364,1.58109
3.89602,1.61272
3.86786,1.64387
3.83916,1.67453
3.80993,1.70469
3.78019,1.73434
3.74994,1.76347
3.71919,1.79207
3.68795,1.82013
3.65623,1.84766
3.62404,1.87462
3.59139,1.90103
3.55828,1.92687
3.52473,1.95213
3.49075,1.97681
3.45635,2.00090
3.42154,2.02438
3.38633,2.04727
3.35072,2.06954
3.31474,2.09119
3.27839,2.11221
3.25488,2.12513
3.23122,2.13775
3.20735,2.14996
3.18326,2.16176
3.15898,2.17314
3.13451,2.18410
3.10985,2.19465
3.08502,2.20476
3.06001,2.21445
3.03484,2.22370
3.00952,2.23253
2.98404,2.24091
2.95843,2.24886
2.93269,2.25636
2.90682,2.26342
2.88083,2.27004
2.85473,2.27621
2.82853,2.28193
2.80223,2.28719
2.77585,2.29201
2.74939,2.29637
2.72286,2.30027
2.69627,2.30372
2.66962,2.30671
2.64292,2.30924
2.61618,2.31131
2.58942,2.31293
2.56262,2.31408
2.53582,2.31477
2.50900,2.31500
2.49216,2.31485
2.47532,2.31441
2.45850,2.31368
2.44169,2.31265
2.42489,2.31133
2.40813,2.30971
2.39140,2.30781
2.37470,2.30561
2.35804,2.30312
2.34143,2.30034
2.32487,2.29727
2.30837,2.29391
2.29192,2.29027
2.27555,2.28634
2.25924,2.28212
2.24301,2.27762
2.22686,2.27283
2.21080,2.26777
2.19483,2.26243
2.17895,2.25680
2.16317,2.25091
2.14750,2.24473
2.13194,2.23829
2.11650,2.23157
2.10117,2.22459
2.08597,2.21734
2.07090,2.20982
2.05596,2.20204
2.04116,2.19401
2.02650,2.18571
2.01199,2.17717
1.99763,2.16837
1.98342,2.15932
1.96938,2.15002
1.95550,2.14048
1.94179,2.13070
1.92825,2.12068
1.91489,2.11043
1.90171,2.09995
1.88871,2.08923
1.87590,2.07829
1.86329,2.06713
1.85087,2.05576
1.83865,2.04416
1.82664,2.03236
1.81484,2.02035
1.80324,2.00813
1.79187,1.99571
1.78071,1.98310
1.76977,1.97029
1.75905,1.95729
1.74857,1.94411
1.73832,1.93075
1.72830,1.91721
1.71852,1.90350
1.70898,1.88962
1.69968,1.87558
1.69063,1.86137
1.68183,1.84701
1.67329,1.83250
1.66499,1.81784
1.65696,1.80304
1.64918,1.78810
1.64166,1.77303
1.63441,1.75783
1.62743,1.74250
1.62071,1.72706
1.61427,1.71150
1.60809,1.69583
1.60220,1.68005
1.59657,1.66417
1.59123,1.64820
1.58617,1.63214
1.58138,1.61599
1.57688,1.59976
1.57266,1.58345
1.56873,1.56708
1.56509,1.55063
1.56173,1.53413
1.55866,1.51757
1.55588,1.50096
1.55339,1.48430
1.55119,1.46760
1.54929,1.45087
1.54767,1.43411
1.54635,1.41731
1.54532,1.40050
1.54459,1.38368
1.54415,1.36684
1.54400,1.35000
1.54400,1.24615
1.54400,1.14231
1.54400,1.03846
1.54400,0.93462
1.54400,0.83077
1.54400,0.72692
1.54400,0.62308
1.54400,0.51923
1.54400,0.41538
1.54400,0.31154
1.54400,0.20769
1.54400,0.10385
1.54400,0.00000
1.54400,-0.10385
1.54400,-0.20769
1.54400,-0.31154
1.54400,-0.41538
1.54400,-0.51923
1.54400,-0.62308
1.54400,-0.72692
1.54400,-0.83077
1.54400,-0.93462
1.54400,-1.03846
1.54400,-1.14231
1.54400,-1.24615
1.54400,-1.35000
1.54415,-1.36684
1.54459,-1.38368
1.54532,-1.40050
1.54635,-1.41731
1.54767,-1.43411
1.54929,-1.45087
1.55119,-1.46760
1.55339,-1.48430
1.55588,-1.50096
1.55866,-1.51757
1.56173,-1.53413
1.56509,-1.55063
1.56873,-1.56708
1.57266,-1.58345
1.57688,-1.59976
1.58138,-1.61599
1.58617,-1.63214
1.59123,-1.64820
1.59657,-1.66417
1.60220,-1.68005
1.60809,-1.69583
1.61427,-1.71150
1.62071,-1.72706
1.62743,-1.74250
1.63441,-1.75783
1.64166,-1.77303
1.64918,-1.78810
1.65696,-1.80304
1.66499,-1.81784
1.67329,-1.83250
1.68183,-1.84701
1.69063,-1.86137
1.69968,-1.87558
1.70898,-1.88962
1.71852,-1.90350
1.72830,-1.91721
1.73832,-1.93075
1.74857,-1.94411
1.75905,-1.95729
1.76977,-1.97029
1.78071,-1.98310
1.79187,-1.99571
1.80324,-2.00813
1.81484,-2.02035
1.82664,-2.03236
1.83865,-2.04416
1.85087,-2.05576
1.86329,-2.06713
1.87590,-2.07829
1.88871,-2.08923
1.90171,-2.09995
1.91489,-2.11043
1.92825,-2.12068
1.94179,-2.13070
1.95550,-2.14048
1.96938,-2.15002
1.98342,-2.15932
1.99763,-2.16837
2.01199,-2.17717
2.02650,-2.18571
2.04116,-2.19401
2.05596,-2.20204
2.07090,-2.20982
2.08597,-2.21734
2.10117,-2.22459
2.11650,-2.23157
2.13194,-2.23829
2.14750,-2.24473
2.16317,-2.25091
2.17895,-2.25680
2.19483,-2.26243
2.21080,-2.26777
2.22686,-2.27283
2.24301,-2.27762
2.25924,-2.28212
2.27555,-2.28634
2.29192,-2.29027
2.30837,-2.29391
2.32487,-2.29727
2.34143,-2.30034
2.35804,-2.30312
2.37470,-2.30561
2.39140,-2.30781
2.40813,-2.30971
2.42489,-2.31133
2.44169,-2.31265
2.45850,-2.31368
2.47532,-2.31441
2.49216,-2.31485
2.50900,-2.31500
2.53582,-2.31477
2.56262,-2.31408
2.58942,-2.31293
2.61618,-2.31131
2.64292,-2.30924
2.66962,-2.30671
2.69627,-2.30372
2.72286,-2.30027
2.74939,-2.29637
2.77585,-2.29201
2.80223,-2.28719
2.82853,-2.28193
2.85473,-2.27621
2.88083,-2.27004
2.90682,-2.26342
2.93269,-2.25636
2.95843,-2.24886
2.98404,-2.24091
3.00952,-2.23253
3.03484,-2.22370
3.06001,-2.21445
3.08502,-2.20476
3.10985,-2.19465
3.13451,-2.18410
3.15898,-2.17314
3.18326,-2.16176
3.20735,-2.14996
3.23122,-2.13775
3.25488,-2.12513
3.27839,-2.11221
3.31474,-2.09119
3.35072,-2.06954
3.38633,-2.04727
3.42154,-2.02438
3.45635,-2.00090
3.49075,-1.97681
3.52473,-1.95213
3.55828,-1.92687
3.59139,-1.90103
3.62404,-1.87462
3.65623,-1.84766
3.68795,-1.82013
3.71919,-1.79207
3.74994,-1.76347
3.78019,-1.73434
3.80993,-1.70469
3.83916,-1.67453
3.86786,-1.64387
3.89602,-1.61272
3.92364,-1.58109
3.95071,-1.54898
3.97722,-1.51642
4.00317,-1.48339
4.02854,-1.44993
4.05332,-1.41603
4.07752,-1.38170
4.10112,-1.34696
4.12411,-1.31182
4.14649,-1.27629
4.16826,-1.24038
4.18940,-1.20409
4.20991,-1.16744
4.22978,-1.13045
4.24901,-1.09311
4.26760,-1.05545
4.28552,-1.01748
4.30279,-0.97920
4.31939,-0.94062
4.33533,-0.90177
4.35059,-0.86264
4.36517,-0.82326
4.37907,-0.78363
4.39227,-0.74377
4.40479,-0.70368
4.41662,-0.66339
4.42774,-0.62289
4.43816,-0.58221
4.44788,-0.54135
4.45689,-0.50034
4.46519,-0.45917
4.47277,-0.41787
4.47964,-0.37644
4.48579,-0.33489
4.49123,-0.29325
4.49594,-0.25152
4.49993,-0.20972
4.50319,-0.16785
4.50573,-0.12593
4.50755,-0.08397
4.50864,-0.04199
4.50900,0.00000
